id,original_column_name,column_name,data_format,column_description,generated_comment,value_description,sql_table_id,pk_field,fk_field
2545,author,author,VARCHAR,Autore del libro.,Autore del libro.,,318,,
2546,isbn,isbn,VARCHAR,Codice ISBN (International Standard Book Number) del libro.,Codice ISBN (International Standard Book Number) del libro.,,318,,
2547,num_page_fiscal,num_page_fiscal,INT,Numero di pagine fiscali del libro.,Numero di pagine fiscali del libro.,,318,,
2548,num_page_keyboard,num_page_keyboard,INT,Not enough information to make a valid prediction,Not enough information to make a valid prediction,,318,,
2549,num_page,num_page,INT,Numero reale di pagine del libro.,Numero reale di pagine del libro.,,318,,
2550,reprint,reprint,VARCHAR,Informazioni sulla ristampa del libro. Valori riscontrati: '1° - 01/03/2011'.,Informazioni sulla ristampa del libro. Valori riscontrati: '1° - 01/03/2011'.,,318,,
2551,last_update,last_update,DATE,Data dell'ultimo aggiornamento delle informazioni sul libro.,Data dell'ultimo aggiornamento delle informazioni sul libro.,,318,,
2552,id,id,INT,Identificativo univoco del libro. È la chiave primaria.,Identificativo univoco del libro. È la chiave primaria.,,318,PK,
2553,uptodate,uptodate,DATE,La data dell'ultimo aggiornamento delle informazioni relative al CD-ROM.,La data dell'ultimo aggiornamento delle informazioni relative al CD-ROM.,,319,,
2554,id,id,INT,L'identificatore univoco del CD-ROM.,L'identificatore univoco del CD-ROM.,,319,PK,
2555,id,id,INT,Identificativo univoco per l'elemento di testo di classificazione.,Identificativo univoco per l'elemento di testo di classificazione.,,320,PK,
2556,lang,lang,VARCHAR,"Lingua del testo di classificazione. Esempi includono 'EN', 'IT', 'FR', 'DE'.","Lingua del testo di classificazione. Esempi includono 'EN', 'IT', 'FR', 'DE'.",,320,,
2557,text1,text1,VARCHAR,Nome o testo descrittivo dell'elemento di classificazione. Per gli ICS è il nome ICS.,Nome o testo descrittivo dell'elemento di classificazione. Per gli ICS è il nome ICS.,,320,,
2558,text2,text2,VARCHAR,Testo descrittivo dell'elemento di classificazione. Per gli ICS è l'ambito.,Testo descrittivo dell'elemento di classificazione. Per gli ICS è l'ambito.,,320,,
2559,classification_id,classification_id,INT,Identificativo della classificazione a cui appartiene il testo.,Identificativo della classificazione a cui appartiene il testo.,,320,,
2560,t_classification_type,t_classification_type,VARCHAR,Il tipo di classificazione tangente o correlato a un altro tipo di classificazione.,Il tipo di classificazione tangente o correlato a un altro tipo di classificazione.,,321,,classification_type.code
2561,p_classification_type,p_classification_type,VARCHAR,Il tipo di classificazione che forma la relazione con il tipo di classificazione tangente.,Il tipo di classificazione che forma la relazione con il tipo di classificazione tangente.,,321,,classification_type.code
2562,id,id,INT,L'identificatore univoco del componente. Questo ID è uguale all'ID del record StdDocument a cui si riferisce questo componente.,L'identificatore univoco del componente. Questo ID è uguale all'ID del record StdDocument a cui si riferisce questo componente.,,322,PK,
2563,name,name,VARCHAR,Il nome del componente.,Il nome del componente.,,322,,
2564,type,type,VARCHAR,"Il tipo di componente. Il valore supportato è ""DOCUMENT"".","Il tipo di componente. Il valore supportato è ""DOCUMENT"".",,322,,
2565,product_id,product_id,INT,L'identificatore univoco del prodotto a cui questo componente è associato.,L'identificatore univoco del prodotto a cui questo componente è associato.,,322,,
2566,id,id,INT,L'identificatore univoco del corso. È la chiave primaria.,L'identificatore univoco del corso. È la chiave primaria.,,323,PK,
2567,duration,duration,INT,"La durata del corso, probabilmente in ore o unità di tempo simili.","La durata del corso, probabilmente in ore o unità di tempo simili.",,323,,
2568,id,id,INT,Identificativo univoco per il tipo di documento.,Identificativo univoco per il tipo di documento.,,324,PK,
2569,name,name,VARCHAR,Nome leggibile del tipo di documento.,Nome leggibile del tipo di documento.,,324,,
2570,key,key,VARCHAR,Chiave univoca e programmatica associata al tipo di documento.,Chiave univoca e programmatica associata al tipo di documento.,,324,,
2571,description,description,VARCHAR,Descrizione approfondita del tipo di documento e del suo scopo.,Descrizione approfondita del tipo di documento e del suo scopo.,,324,,
2572,workflowname,workflowname,VARCHAR,"Nome del workflow a cui il tipo di documento è associato, come 'Pubblicazione di una norma V2' o 'Traduzione CEN o ISO V2'.","Nome del workflow a cui il tipo di documento è associato, come 'Pubblicazione di una norma V2' o 'Traduzione CEN o ISO V2'.",,324,,
2573,task_name,task_name,VARCHAR,"Nome dell'attività specifica all'interno del workflow a cui il tipo di documento si riferisce, come 'EN - Produzione Editoriale' o 'IT - Preparazione testo'.","Nome dell'attività specifica all'interno del workflow a cui il tipo di documento si riferisce, come 'EN - Produzione Editoriale' o 'IT - Preparazione testo'.",,324,,
2574,mandatory,mandatory,BOOLEAN,Indica se il documento è obbligatorio.,Indica se il documento è obbligatorio.,,324,,
2575,uploadable,uploadable,BOOLEAN,Indica se il documento può essere caricato dagli utenti.,Indica se il documento può essere caricato dagli utenti.,,324,,
2576,downloadable,downloadable,BOOLEAN,Indica se il documento può essere scaricato dagli utenti.,Indica se il documento può essere scaricato dagli utenti.,,324,,
2577,standard_document,standard_document,BOOLEAN,Indica se il documento è un documento standard predefinito.,Indica se il documento è un documento standard predefinito.,,324,,
2578,validextensions,validextensions,VARCHAR,"Elenco delle estensioni di file valide per il tipo di documento, separate da virgole.","Elenco delle estensioni di file valide per il tipo di documento, separate da virgole.",,324,,
2579,id,id,INT,Identificativo univoco di ogni elemento di classificazione.,Identificativo univoco di ogni elemento di classificazione.,,325,PK,
2580,code,code,VARCHAR,Il codice 'business' assegnato dall'utente a questo elemento di classificazione.,Il codice 'business' assegnato dall'utente a questo elemento di classificazione.,,325,,
2581,level,level,INT,Il livello gerarchico dell'elemento di classificazione. Il livello superiore è 1.,Il livello gerarchico dell'elemento di classificazione. Il livello superiore è 1.,,325,,
2582,classification_type_id,classification_type_id,VARCHAR,Identificativo del tipo di classificazione.,Identificativo del tipo di classificazione.,,325,,
2583,parent_id,parent_id,INT,Punta all'elemento di classificazione padre. È nullo per gli elementi di livello superiore.,Punta all'elemento di classificazione padre. È nullo per gli elementi di livello superiore.,,325,,
2584,classification_status,classification_status,VARCHAR,"Lo stato dell'elemento di classificazione. Valori possibili: Active, Closed, Dormant, Withdrawn, Confirmed.","Lo stato dell'elemento di classificazione. Valori possibili: Active, Closed, Dormant, Withdrawn, Confirmed.",,325,,
2585,tylparty_id,tylparty_id,INT,Campo esterno a Iside usato da ETL.,Campo esterno a Iside usato da ETL.,,325,,
2586,original_id,original_id,INT,Not enough information to make a valid prediction,Not enough information to make a valid prediction,,325,,
2587,code,code,VARCHAR,"Il codice univoco per il tipo di fase del progetto. Esempi: Standard ISO, rejected, Committee CEN, Committee ISO, Standard CEN.","Il codice univoco per il tipo di fase del progetto. Esempi: Standard ISO, rejected, Committee CEN, Committee ISO, Standard CEN.",,326,PK,
2588,description,description,VARCHAR,La descrizione testuale del tipo di fase del progetto.,La descrizione testuale del tipo di fase del progetto.,,326,,
2589,source_system,source_system,VARCHAR,"Il sistema di origine da cui proviene il tipo di fase. Esempi: UNI XML Repository, Harmonia-Sync-CEN, Harmonia-Sync-ISO, UNI IsideWF.","Il sistema di origine da cui proviene il tipo di fase. Esempi: UNI XML Repository, Harmonia-Sync-CEN, Harmonia-Sync-ISO, UNI IsideWF.",,326,PK,
2590,id,id,INT,Identificativo univoco del processo.,Identificativo univoco del processo.,,327,PK,
2591,end_date,end_date,DATE,La data di fine prevista o effettiva del processo.,La data di fine prevista o effettiva del processo.,,327,,
2592,start_date,start_date,DATE,La data di inizio del processo.,La data di inizio del processo.,,327,,
2593,status,status,VARCHAR,"Lo stato del processo. I valori possibili includono: '03_closed', '01_new', '04_abort', '02_run'.","Lo stato del processo. I valori possibili includono: '03_closed', '01_new', '04_abort', '02_run'.",,327,,
2594,current_stage_id,current_stage_id,INT,Identificativo della fase corrente del processo.,Identificativo della fase corrente del processo.,,327,,
2595,process_type_id,process_type_id,INT,Identificativo del tipo di processo.,Identificativo del tipo di processo.,,327,,
2596,project_id,project_id,INT,Identificativo del progetto a cui il processo è associato.,Identificativo del progetto a cui il processo è associato.,,327,,
2597,language,language,VARCHAR,"La lingua utilizzata per il processo. I valori possibili includono: 'EN', 'IT'.","La lingua utilizzata per il processo. I valori possibili includono: 'EN', 'IT'.",,327,,
2598,product_item_id,product_item_id,INT,Not enough information to make a valid prediction,Not enough information to make a valid prediction,,327,,
2599,jbpmprocinstanceid,jbpmprocinstanceid,VARCHAR,Identificativo dell'istanza del processo JBPM (JBoss Business Process Management).,Identificativo dell'istanza del processo JBPM (JBoss Business Process Management).,,327,,
2600,id,id,INT,Identificativo univoco del tipo di processo.,Identificativo univoco del tipo di processo.,,328,PK,
2601,description,description,VARCHAR,"Descrizione dettagliata del tipo di processo. Esempi: 'Progetto CEN in fase di revisione', 'Traduzione di una norma da parte della LOGOS', 'Processo di creazione di una norma nazionale V2', 'Traduzione di una norma da parte di un OT', 'Progetto ISO in fase di ritiro'.","Descrizione dettagliata del tipo di processo. Esempi: 'Progetto CEN in fase di revisione', 'Traduzione di una norma da parte della LOGOS', 'Processo di creazione di una norma nazionale V2', 'Traduzione di una norma da parte di un OT', 'Progetto ISO in fase di ritiro'.",,328,,
2602,name,name,VARCHAR,"Nome del tipo di processo. Esempi: 'Traduzione OT', 'CEN_REVIEWING', 'Traduzione OT V2', 'Adozione ISO in inglese V2', 'Ritiro Norma V2'.","Nome del tipo di processo. Esempi: 'Traduzione OT', 'CEN_REVIEWING', 'Traduzione OT V2', 'Adozione ISO in inglese V2', 'Ritiro Norma V2'.",,328,,
2603,code,code,VARCHAR,"Codice identificativo del tipo di processo. Esempi: 'ISOWTD', 'ELABTESTO', 'PUBBLIV2', 'NAZUNI', 'RITNORM'.","Codice identificativo del tipo di processo. Esempi: 'ISOWTD', 'ELABTESTO', 'PUBBLIV2', 'NAZUNI', 'RITNORM'.",,328,,
2604,jbpmworkflowname,jbpmworkflowname,VARCHAR,"Nome del workflow jBPM associato al tipo di processo. Esempi: 'CENPRJ_void', 'RitiroSenzaSostituzioneV2', 'ElaborazioneTestoV2', 'TraduzioneOTV2', 'TraduzioneEsternaV2'.","Nome del workflow jBPM associato al tipo di processo. Esempi: 'CENPRJ_void', 'RitiroSenzaSostituzioneV2', 'ElaborazioneTestoV2', 'TraduzioneOTV2', 'TraduzioneEsternaV2'.",,328,,
2605,code,code,VARCHAR,Il codice univoco per il gruppo di prezzo. È la chiave primaria.,Il codice univoco per il gruppo di prezzo. È la chiave primaria.,,329,PK,
2606,currency,currency,VARCHAR,"La valuta utilizzata per il gruppo di prezzo. Esempi: EUR, CHF.","La valuta utilizzata per il gruppo di prezzo. Esempi: EUR, CHF.",,329,,
2607,description,description,VARCHAR,Una descrizione del gruppo di prezzo.,Una descrizione del gruppo di prezzo.,,329,,
2608,origin,origin,VARCHAR,"L'origine del gruppo di prezzo. Esempi: ISO, UNI.","L'origine del gruppo di prezzo. Esempi: ISO, UNI.",,329,,
2609,price,price,DECIMAL,Il prezzo associato al gruppo di prezzo.,Il prezzo associato al gruppo di prezzo.,,329,,
2610,type,type,VARCHAR,"Il tipo di gruppo di prezzo. Esempi: V, A.","Il tipo di gruppo di prezzo. Esempi: V, A.",,329,,
2611,uni_price_group_code,uni_price_group_code,VARCHAR,Il codice del gruppo di prezzo unificato.,Il codice del gruppo di prezzo unificato.,,329,,price_group.code
2612,publication_price,publication_price,BOOLEAN,Indica se il prezzo è per la pubblicazione.,Indica se il prezzo è per la pubblicazione.,,329,,
2613,code,code,VARCHAR,Codice identificativo univoco per il sottotipo di prodotto. È la chiave primaria.,Codice identificativo univoco per il sottotipo di prodotto. È la chiave primaria.,,330,PK,
2614,description,description,VARCHAR,"Descrizione del sottotipo di prodotto, che corrisponde al campo TPQUAL del CSB.","Descrizione del sottotipo di prodotto, che corrisponde al campo TPQUAL del CSB.",,330,,
2615,product_type,product_type,VARCHAR,"Tipo di prodotto associato al sottotipo. Possibili valori includono: SUBSCRIPTION, STANDARD, COURSE, BOOK, CDROM.","Tipo di prodotto associato al sottotipo. Possibili valori includono: SUBSCRIPTION, STANDARD, COURSE, BOOK, CDROM.",,330,,
2616,id,id,INT,Identificatore univoco per la relazione tra un prodotto e una classificazione.,Identificatore univoco per la relazione tra un prodotto e una classificazione.,,331,PK,
2617,classification_id,classification_id,INT,Identificatore univoco della classificazione a cui il prodotto appartiene.,Identificatore univoco della classificazione a cui il prodotto appartiene.,,331,,
2618,classification_type_id,classification_type_id,VARCHAR,"Tipo di classificazione assegnato al prodotto. I valori possibili includono: ICS, TPICS, OTC, OBSOST, OTISO.","Tipo di classificazione assegnato al prodotto. I valori possibili includono: ICS, TPICS, OTC, OBSOST, OTISO.",,331,,
2619,product_id,product_id,INT,Identificatore univoco del prodotto.,Identificatore univoco del prodotto.,,331,,
2620,code,code,VARCHAR,Codice identificativo univoco per ogni tipo di classificazione.,Codice identificativo univoco per ogni tipo di classificazione.,,332,PK,
2621,description,description,VARCHAR,Descrizione dettagliata del tipo di classificazione.,Descrizione dettagliata del tipo di classificazione.,,332,,
2622,mode,mode,VARCHAR,Modalità o natura della classificazione.,Modalità o natura della classificazione.,,332,,
2623,name,name,VARCHAR,Nome della classificazione.,Nome della classificazione.,,332,,
2624,type,type,VARCHAR,"Categoria o raggruppamento del tipo di classificazione. Possibili valori: P, T, R, D.","Categoria o raggruppamento del tipo di classificazione. Possibili valori: P, T, R, D.",,332,,
2625,eco_flag,eco_flag,BOOLEAN,Indica se la classificazione ha una componente 'eco' o ambientale.,Indica se la classificazione ha una componente 'eco' o ambientale.,,332,,
2626,eco_sections,eco_sections,BOOLEAN,Indica se la classificazione include sezioni 'eco' o ambientali.,Indica se la classificazione include sezioni 'eco' o ambientali.,,332,,
2627,eco_id,eco_id,INT,Identificatore numerico associato a una classificazione di tipo 'eco'.,Identificatore numerico associato a una classificazione di tipo 'eco'.,,332,,
2628,id,id,INT,Identificatore univoco del fornitore di credito. È la chiave primaria.,Identificatore univoco del fornitore di credito. È la chiave primaria.,,333,PK,
2629,external_id,external_id,VARCHAR,Identificatore del fornitore di credito utilizzato in un sistema esterno.,Identificatore del fornitore di credito utilizzato in un sistema esterno.,,333,,
2630,name,name,VARCHAR,"Nome del fornitore di credito, ad esempio CNPI o CNI.","Nome del fornitore di credito, ad esempio CNPI o CNI.",,333,,
2631,id,id,INT,ID univoco per una voce di credito. È la chiave primaria.,ID univoco per una voce di credito. È la chiave primaria.,,334,PK,
2632,credit_num,credit_num,INT,Numero del credito. Sembra essere un identificatore o un conteggio.,Numero del credito. Sembra essere un identificatore o un conteggio.,,334,,
2633,credit_supplier_id,credit_supplier_id,INT,ID del fornitore di credito. È una chiave esterna che si riferisce a un fornitore di credito.,ID del fornitore di credito. È una chiave esterna che si riferisce a un fornitore di credito.,,334,,credit_supplier.id
2634,product_item_id,product_item_id,INT,ID dell'articolo del prodotto associato al credito. È una chiave esterna che si riferisce a un articolo di prodotto.,ID dell'articolo del prodotto associato al credito. È una chiave esterna che si riferisce a un articolo di prodotto.,,334,,product_item.id
2635,id,id,INT,Identificativo univoco del product item. È la chiave primaria.,Identificativo univoco del product item. È la chiave primaria.,,335,PK,
2636,code,code,VARCHAR,Il codice UNI del product item.,Il codice UNI del product item.,,335,,
2637,course_location,course_location,VARCHAR,"La sede del corso, applicabile solo ai corsi. I valori possibili includono: AULA VIRTUALE, MILANO, VIRTUALE, ALTRO, REMOTO.","La sede del corso, applicabile solo ai corsi. I valori possibili includono: AULA VIRTUALE, MILANO, VIRTUALE, ALTRO, REMOTO.",,335,,
2638,course_start_date,course_start_date,DATE,"La data di inizio del corso, applicabile solo ai corsi.","La data di inizio del corso, applicabile solo ai corsi.",,335,,
2639,description,description,VARCHAR,La descrizione testuale del product item.,La descrizione testuale del product item.,,335,,
2640,duration,duration,INT,La durata totale della sessione in ore.,La durata totale della sessione in ore.,,335,,
2641,ecommerce_enabled,ecommerce_enabled,BOOLEAN,Un flag che indica se la variante è vendibile tramite ECommerce.,Un flag che indica se la variante è vendibile tramite ECommerce.,,335,,
2642,edition,edition,VARCHAR,"L'edizione del product item. I valori possibili includono: online-sync, 2010, 2011, 2012, 2009.","L'edizione del product item. I valori possibili includono: online-sync, 2010, 2011, 2012, 2009.",,335,,
2643,editorreghandling,editorreghandling,INT,Not enough information to make a valid prediction,Not enough information to make a valid prediction,,335,,
2644,format,format,VARCHAR,"Il formato del product item. I valori possibili includono: elettronico, originale, riproduzione, cd.","Il formato del product item. I valori possibili includono: elettronico, originale, riproduzione, cd.",,335,,
2645,lang,lang,VARCHAR,"La lingua del product item. I valori possibili includono: EN, DE, IT, FR, ED.","La lingua del product item. I valori possibili includono: EN, DE, IT, FR, ED.",,335,,
2646,ob_id,ob_id,VARCHAR,L'identificatore per la sincronizzazione con OB. Questo campo può contenere ID alfanumerici o numeri consecutivi.,L'identificatore per la sincronizzazione con OB. Questo campo può contenere ID alfanumerici o numeri consecutivi.,,335,,
2647,ob_status,ob_status,VARCHAR,"Lo stato di sincronizzazione del product item con OB (OrderBird). I valori possibili includono: new, transferred, modified, ignore, wip_2404180952.","Lo stato di sincronizzazione del product item con OB (OrderBird). I valori possibili includono: new, transferred, modified, ignore, wip_2404180952.",,335,,
2648,on_sale_date,on_sale_date,DATE,La data a partire dalla quale il product item è disponibile per la vendita.,La data a partire dalla quale il product item è disponibile per la vendita.,,335,,
2649,out_of_sale_date,out_of_sale_date,DATE,La data in cui il product item non è più disponibile per la vendita.,La data in cui il product item non è più disponibile per la vendita.,,335,,
2650,price,price,DECIMAL,Il prezzo di vendita del product item in euro.,Il prezzo di vendita del product item in euro.,,335,,
2651,provision_mode,provision_mode,VARCHAR,"La modalità di erogazione o fornitura del product item. I valori possibili includono: ELC, EXTSUPPLIER, XPOD, JIT, STOCK.","La modalità di erogazione o fornitura del product item. I valori possibili includono: ELC, EXTSUPPLIER, XPOD, JIT, STOCK.",,335,,
2652,status,status,VARCHAR,"Lo stato generale del product item. I valori possibili includono: ACTIVE, REPLACED, WITHDRAWN, FREEDOWN, TOBECOMP.","Lo stato generale del product item. I valori possibili includono: ACTIVE, REPLACED, WITHDRAWN, FREEDOWN, TOBECOMP.",,335,,
2653,sub_service_type,sub_service_type,VARCHAR,"Il tipo di servizio per gli abbonamenti. I valori possibili includono: V, C, S.","Il tipo di servizio per gli abbonamenti. I valori possibili includono: V, C, S.",,335,,
2654,subtype,subtype,VARCHAR,"Il sottotipo del product item, in particolare per gli abbonamenti. I valori possibili includono: C, 1.","Il sottotipo del product item, in particolare per gli abbonamenti. I valori possibili includono: C, 1.",,335,,
2655,user_number,user_number,VARCHAR,"Numero di utenti abilitati per l'abbonamento. Esempio di valori: 01, 02, 04, 03, 06.","Numero di utenti abilitati per l'abbonamento. Esempio di valori: 01, 02, 04, 03, 06.",,335,,
2656,valorize_type,valorize_type,INT,Tipo di valorizzazione del product item.,Tipo di valorizzazione del product item.,,335,,
2657,product_id,product_id,INT,ID del prodotto a cui è associato il product item.,ID del prodotto a cui è associato il product item.,,335,,
2658,ecommerce_status,ecommerce_status,VARCHAR,"Stato di sincronizzazione con l'e-commerce (EC). Esempio di valori: modified, S20230213, S20230316, new, S20230201.","Stato di sincronizzazione con l'e-commerce (EC). Esempio di valori: modified, S20230213, S20230316, new, S20230201.",,335,,
2659,zid,zid,VARCHAR,Identificativo Zid.,Identificativo Zid.,,335,,
2660,text_availability,text_availability,VARCHAR,"Disponibilità del testo. Esempio di valori: DIN_DOWN, SOLD, FREE_DOWN_REST.","Disponibilità del testo. Esempio di valori: DIN_DOWN, SOLD, FREE_DOWN_REST.",,335,,
2661,course_canceled,course_canceled,BOOLEAN,Indica se la sessione del corso è stata annullata dopo l'inizio delle iscrizioni. 'true' se annullata.,Indica se la sessione del corso è stata annullata dopo l'inizio delle iscrizioni. 'true' se annullata.,,335,,
2662,course_end_date,course_end_date,DATE,Data di fine della sessione del corso.,Data di fine della sessione del corso.,,335,,
2663,teacher_id,teacher_id,INT,ID del docente associato al corso.,ID del docente associato al corso.,,335,,
2664,bcid,bcid,VARCHAR,ID del product item nel sistema ERP Business Central.,ID del product item nel sistema ERP Business Central.,,335,,
2665,cdvari,cdvari,VARCHAR,Not enough information to make a valid prediction,Not enough information to make a valid prediction,,335,,
2666,cdarti,cdarti,VARCHAR,Not enough information to make a valid prediction,Not enough information to make a valid prediction,,335,,
2667,pricegroup_code,pricegroup_code,VARCHAR,Not enough information to make a valid prediction,Not enough information to make a valid prediction,,335,,
2668,id,id,INT,Identificatore univoco per la relazione tra un product item e un componente.,Identificatore univoco per la relazione tra un product item e un componente.,,336,PK,
2669,end_date,end_date,DATE,La data di fine validità della relazione. Indica fino a quando il componente è associato al product item.,La data di fine validità della relazione. Indica fino a quando il componente è associato al product item.,,336,,
2670,start_date,start_date,DATE,La data di inizio validità della relazione. Indica da quando il componente è associato al product item.,La data di inizio validità della relazione. Indica da quando il componente è associato al product item.,,336,,
2671,type_code,type_code,VARCHAR,"Descrive il tipo di relazione tra il product item e il componente. Esempi: TXTUFF, TXTDEP, ZIPUFF, ZIPDEP.","Descrive il tipo di relazione tra il product item e il componente. Esempi: TXTUFF, TXTDEP, ZIPUFF, ZIPDEP.",,336,,
2672,component_id,component_id,INT,L'identificatore univoco del componente.,L'identificatore univoco del componente.,,336,,
2673,product_item_id,product_item_id,INT,L'identificatore univoco del product item (prodotto + variante).,L'identificatore univoco del product item (prodotto + variante).,,336,,product_item.id
2674,product_item_id,product_item_id,INT,Identificativo unico di un articolo di prodotto. È una parte della chiave primaria.,Identificativo unico di un articolo di prodotto. È una parte della chiave primaria.,,337,PK,product_item.id
2675,teacher_id,teacher_id,INT,Identificativo unico dell'insegnante associato. È una parte della chiave primaria.,Identificativo unico dell'insegnante associato. È una parte della chiave primaria.,,337,PK,
2676,id,id,INT,Identificativo univoco per la relazione prodotto-a-prodotto.,Identificativo univoco per la relazione prodotto-a-prodotto.,,338,PK,
2677,left_product_id,left_product_id,INT,Identificativo del prodotto di sinistra nella relazione.,Identificativo del prodotto di sinistra nella relazione.,,338,,
2678,relationship_type_code,relationship_type_code,VARCHAR,"Codice che definisce il tipo di relazione tra i due prodotti. Valori possibili sono: STDCORSO, .","Codice che definisce il tipo di relazione tra i due prodotti. Valori possibili sono: STDCORSO, .",,338,,relationship_type.code
2679,right_product_id,right_product_id,INT,Identificativo del prodotto di destra nella relazione.,Identificativo del prodotto di destra nella relazione.,,338,,product.id
2680,id,id,INT,L'identificatore univoco del prodotto.,L'identificatore univoco del prodotto.,,339,PK,
2681,code,code,VARCHAR,Il codice UNI (astratto) del prodotto.,Il codice UNI (astratto) del prodotto.,,339,,
2682,creation_date,creation_date,DATE,La data di creazione del prodotto.,La data di creazione del prodotto.,,339,,
2683,relevance,relevance,VARCHAR,"La rilevanza del prodotto. Possibili valori: C, B, A.","La rilevanza del prodotto. Possibili valori: C, B, A.",,339,,
2684,title,title,VARCHAR,Titolo del prodotto.,Titolo del prodotto.,,339,,
2685,type,type,VARCHAR,"Tipo di prodotto. Valori ammessi: STANDARD, CDROM, BOOK, COURSE, SUBSCRIPTION.","Tipo di prodotto. Valori ammessi: STANDARD, CDROM, BOOK, COURSE, SUBSCRIPTION.",,339,,
2686,subtype_id,subtype_id,VARCHAR,Corrisponde al campo CSB TPQUAL.,Corrisponde al campo CSB TPQUAL.,,339,,
2687,product_status,product_status,VARCHAR,"Lo stato del prodotto. Possibili valori: WITHDRAWN, AVAIL, ABORTED, NOTAV4PRJ, NOTAVAIL.","Lo stato del prodotto. Possibili valori: WITHDRAWN, AVAIL, ABORTED, NOTAV4PRJ, NOTAVAIL.",,339,,
2688,id,id,INT,Identificatore univoco per il riferimento esterno.,Identificatore univoco per il riferimento esterno.,,340,PK,
2689,description,description,VARCHAR,Descrizione della norma esterna.,Descrizione della norma esterna.,,340,,
2690,name,name,VARCHAR,Nome della norma esterna.,Nome della norma esterna.,,340,,
2691,external_reference_id,external_reference_id,INT,Identificativo di un riferimento esterno. Si tratta di un identificativo univoco che punta a un'entità in un sistema esterno.,Identificativo di un riferimento esterno. Si tratta di un identificativo univoco che punta a un'entità in un sistema esterno.,,341,,external_reference.id
2692,project_id,project_id,INT,Identificativo del progetto a cui è collegato il riferimento esterno. Questo campo stabilisce la relazione tra il riferimento esterno e un progetto specifico nell'attuale sistema.,Identificativo del progetto a cui è collegato il riferimento esterno. Questo campo stabilisce la relazione tra il riferimento esterno e un progetto specifico nell'attuale sistema.,,341,,project.id
2693,id,id,INT,Identificativo univoco della riga nella tabella. È la chiave primaria della tabella.,Identificativo univoco della riga nella tabella. È la chiave primaria della tabella.,,341,PK,
2694,type_code,type_code,VARCHAR,Codice che indica il tipo di riferimento esterno. I valori possibili includono 'Harmonia External'.,Codice che indica il tipo di riferimento esterno. I valori possibili includono 'Harmonia External'.,,341,,
2695,id,id,INT,ID del record generato dal sistema.,ID del record generato dal sistema.,,342,PK,
2696,origin,origin,VARCHAR,"Origine del progetto, e.g. UNI, ISO, CEN.","Origine del progetto, e.g. UNI, ISO, CEN.",,342,,
2697,original_id,original_id,DECIMAL,"ID del progetto originale per i progetti ISO, wiId per CEN, o nullo per i progetti UNI.","ID del progetto originale per i progetti ISO, wiId per CEN, o nullo per i progetti UNI.",,342,,
2698,type,type,VARCHAR,"Tipo di progetto, e.g. Norma, Errata.","Tipo di progetto, e.g. Norma, Errata.",,342,,
2699,type_number,type_number,INT,Numero progressivo del FA e/o EC.,Numero progressivo del FA e/o EC.,,342,,
2700,uni_project_code,uni_project_code,VARCHAR,Codice del progetto assegnato da UNI.,Codice del progetto assegnato da UNI.,,342,,
2701,work_item,work_item,VARCHAR,"Numero del workitem del progetto CEN, nullo per ISO e UNI.","Numero del workitem del progetto CEN, nullo per ISO e UNI.",,342,,
2702,standard_id,standard_id,INT,ID dello Standard generato da questo progetto.,ID dello Standard generato da questo progetto.,,342,,
2703,original_origin,original_origin,VARCHAR,"Origine del progetto originale, e.g. UNI, ISO, CEN o nullo.","Origine del progetto originale, e.g. UNI, ISO, CEN o nullo.",,342,,
2704,id,id,INT,Identificativo univoco per ogni macro-fase.,Identificativo univoco per ogni macro-fase.,,343,PK,
2705,code,code,VARCHAR,"Codice alfanumerico univoco che identifica una macro-fase. Possibili valori includono: AvvioLavori, ElabRevisione, InElaborazione, FaseRevisione, FasePreliminare.","Codice alfanumerico univoco che identifica una macro-fase. Possibili valori includono: AvvioLavori, ElabRevisione, InElaborazione, FaseRevisione, FasePreliminare.",,343,,
2706,description_in_italian,description_in_italian,VARCHAR,"Descrizione della macro-fase in italiano. Possibili valori includono: Inchiesta Pubblica Finale, Inchiesta Pubblica Preliminare, Fase di Comitato, Fase di Ritiro, Messa allo studio.","Descrizione della macro-fase in italiano. Possibili valori includono: Inchiesta Pubblica Finale, Inchiesta Pubblica Preliminare, Fase di Comitato, Fase di Ritiro, Messa allo studio.",,343,,
2707,description_in_english,description_in_english,VARCHAR,"Descrizione della macro-fase in inglese. Possibili valori includono: Committee stage, Approval stage, Proposal stage, Enquiry stage, Works closing.","Descrizione della macro-fase in inglese. Possibili valori includono: Committee stage, Approval stage, Proposal stage, Enquiry stage, Works closing.",,343,,
2708,property_class,property_class,VARCHAR,"Una classificazione o categoria specifica della proprietà. Basandosi sui dati di esempio, i valori osservati includono 'P' e 'S'.","Una classificazione o categoria specifica della proprietà. Basandosi sui dati di esempio, i valori osservati includono 'P' e 'S'.",,344,,
2709,id,id,INT,Identificatore univoco per ciascuna proprietà. È la chiave primaria.,Identificatore univoco per ciascuna proprietà. È la chiave primaria.,,344,PK,
2710,value,value,VARCHAR,"Il valore effettivo della proprietà. Può essere booleano, data, numerico o testuale, come 'false', 'true', 'Milano', 'UNI_EN', o 'GRUPPO 1 - B - UNI - EUR 35.00'.","Il valore effettivo della proprietà. Può essere booleano, data, numerico o testuale, come 'false', 'true', 'Milano', 'UNI_EN', o 'GRUPPO 1 - B - UNI - EUR 35.00'.",,344,,
2711,name,name,VARCHAR,"Il nome della proprietà, che ne descrive il significato. Esempi includono 'SignatureLocation', 'SignatureDate', 'withdrawalDate', 'deliberaOk', e 'protocolNumber'.","Il nome della proprietà, che ne descrive il significato. Esempi includono 'SignatureLocation', 'SignatureDate', 'withdrawalDate', 'deliberaOk', e 'protocolNumber'.",,344,,
2712,type,type,VARCHAR,"Il tipo di dato del valore della proprietà. Basandosi sui dati di esempio, i valori osservati includono 'FldString', 'FldBoolean', 'FldDate', 'FldLong', e 'FldDouble'.","Il tipo di dato del valore della proprietà. Basandosi sui dati di esempio, i valori osservati includono 'FldString', 'FldBoolean', 'FldDate', 'FldLong', e 'FldDouble'.",,344,,
2713,stage_id,stage_id,INT,Identificatore dello stage a cui è correlata questa proprietà.,Identificatore dello stage a cui è correlata questa proprietà.,,344,,
2714,process_id,process_id,INT,Identificatore del processo a cui è correlata questa proprietà.,Identificatore del processo a cui è correlata questa proprietà.,,344,,
2715,help_name,help_name,VARCHAR,"Un nome aggiuntivo o descrittivo per la proprietà, potenzialmente usato per scopi di aiuto o visualizzazione. Assomiglia al 'name'.","Un nome aggiuntivo o descrittivo per la proprietà, potenzialmente usato per scopi di aiuto o visualizzazione. Assomiglia al 'name'.",,344,,
2716,name,name,VARCHAR,Nome univoco della proprietà. È la chiave primaria.,Nome univoco della proprietà. È la chiave primaria.,,345,PK,
2717,displaylenght,displaylenght,INT,La lunghezza di visualizzazione suggerita per la proprietà.,La lunghezza di visualizzazione suggerita per la proprietà.,,345,,
2718,display_name,display_name,VARCHAR,Nome della proprietà come deve essere visualizzato all'utente.,Nome della proprietà come deve essere visualizzato all'utente.,,345,,
2719,help_text,help_text,VARCHAR,"Testo di aiuto dettagliato per la proprietà, fornendo ulteriori informazioni o istruzioni.","Testo di aiuto dettagliato per la proprietà, fornendo ulteriori informazioni o istruzioni.",,345,,
2720,display_order,display_order,INT,L'ordine numerico in cui la proprietà dovrebbe essere visualizzata rispetto ad altre proprietà.,L'ordine numerico in cui la proprietà dovrebbe essere visualizzata rispetto ad altre proprietà.,,345,,
2721,display_mode,display_mode,VARCHAR,"Modalità di visualizzazione e interazione con la proprietà: 'R' per sola lettura, 'W' per lettura/scrittura, 'H' per nascosto.","Modalità di visualizzazione e interazione con la proprietà: 'R' per sola lettura, 'W' per lettura/scrittura, 'H' per nascosto.",,345,,
2722,role,role,VARCHAR,Nome univoco che identifica il ruolo.,Nome univoco che identifica il ruolo.,,346,PK,
2723,description,description,VARCHAR,Descrizione testuale del ruolo.,Descrizione testuale del ruolo.,,346,,
2724,available_language,available_language,VARCHAR,"La lingua o le lingue disponibili per il progetto pubblicato. I valori possibili includono: DE, EN, EN/FR/DE, EN/FR, IT.","La lingua o le lingue disponibili per il progetto pubblicato. I valori possibili includono: DE, EN, EN/FR/DE, EN/FR, IT.",,347,,
2725,last_confirmation_date,last_confirmation_date,DATE,"Per i progetti UNI, la data dell'ultima conferma, ovvero la data in cui il progetto è stato revisionato per decidere se fosse necessario un processo di revisione.","Per i progetti UNI, la data dell'ultima conferma, ovvero la data in cui il progetto è stato revisionato per decidere se fosse necessario un processo di revisione.",,347,,
2726,number,number,VARCHAR,Il numero dello standard.,Il numero dello standard.,,347,,
2727,part_number,part_number,VARCHAR,Il numero della parte dello standard.,Il numero della parte dello standard.,,347,,
2728,prefix,prefix,VARCHAR,"Il prefisso dello standard, la prima parte del riferimento dello standard.","Il prefisso dello standard, la prima parte del riferimento dello standard.",,347,,
2729,product_info,product_info,VARCHAR,"Informazioni sul processo di produzione, come il requisito di stampa a colori o in scala di grigi, o il formato non A4. I valori possibili includono: greyscaleprint, colorprint, notA4.","Informazioni sul processo di produzione, come il requisito di stampa a colori o in scala di grigi, o il formato non A4. I valori possibili includono: greyscaleprint, colorprint, notA4.",,347,,
2730,publication_date,publication_date,DATE,La data di pubblicazione dello standard.,La data di pubblicazione dello standard.,,347,,
2731,publication_target_date,publication_target_date,DATE,La data prevista di pubblicazione dello standard.,La data prevista di pubblicazione dello standard.,,347,,
2732,reference,reference,VARCHAR,Il nome di riferimento dello standard.,Il nome di riferimento dello standard.,,347,,
2733,standard_type,standard_type,VARCHAR,"Il tipo di standard. I valori possibili includono: IS, EN, NR, TS, TR.","Il tipo di standard. I valori possibili includono: IS, EN, NR, TS, TR.",,347,,
2734,withdrawal_date,withdrawal_date,DATE,Data di ritiro dello standard.,Data di ritiro dello standard.,,347,,
2735,year,year,INT,L'anno di pubblicazione dello standard.,L'anno di pubblicazione dello standard.,,347,,
2736,id,id,INT,Identificativo univoco dello standard. Corrisponde anche all'ID del prodotto associato.,Identificativo univoco dello standard. Corrisponde anche all'ID del prodotto associato.,,347,PK,
2737,price_group_code,price_group_code,VARCHAR,"Codice del gruppo di prezzo per lo standard. Esempio: B, G01C, G01B, G02B, GR00.","Codice del gruppo di prezzo per lo standard. Esempio: B, G01C, G01B, G02B, GR00.",,347,,
2738,status_code,status_code,VARCHAR,"Stato corrente dello standard. Esempio: ACTIVE, REPLACED, WITHDRAWN, ABORTED_P, NOTAV4PRJ.","Stato corrente dello standard. Esempio: ACTIVE, REPLACED, WITHDRAWN, ABORTED_P, NOTAV4PRJ.",,347,,standard_status.code
2739,code,code,VARCHAR,Un identificatore univoco per il tipo di relazione. È la chiave primaria.,Un identificatore univoco per il tipo di relazione. È la chiave primaria.,,348,PK,
2740,class,class,VARCHAR,"Il tipo di entità coinvolte nella relazione. I valori possibili sono: 'P' per Project to Project, 'T' per Technical Body to Project, 'Z' per Technical Body to Technical Body, 'F' per Product to Product, 'U' per User to Technical Body.","Il tipo di entità coinvolte nella relazione. I valori possibili sono: 'P' per Project to Project, 'T' per Technical Body to Project, 'Z' per Technical Body to Technical Body, 'F' per Product to Product, 'U' per User to Technical Body.",,348,,
2741,predicate,predicate,VARCHAR,"Una didascalia di relazione da sinistra a destra che descrive in linguaggio comune un rapporto tra due Standard o un Progetto e un Tecnical Body. I valori possibili sono: 'Ha come organo tecnico competente (ISO)', 'Incorpora', 'Ha come Commissione Tecnica competente (UNI)', 'Pubblicazione congiunta a', 'Ha come altro livello tavolo tecnico competente (UNI)'.","Una didascalia di relazione da sinistra a destra che descrive in linguaggio comune un rapporto tra due Standard o un Progetto e un Tecnical Body. I valori possibili sono: 'Ha come organo tecnico competente (ISO)', 'Incorpora', 'Ha come Commissione Tecnica competente (UNI)', 'Pubblicazione congiunta a', 'Ha come altro livello tavolo tecnico competente (UNI)'.",,348,,
2742,subtype,subtype,VARCHAR,Not enough information to make a valid prediction,Not enough information to make a valid prediction,,348,,
2743,id,id,INT,Identificatore univoco del legame tra progetto e organismo tecnico.,Identificatore univoco del legame tra progetto e organismo tecnico.,,349,PK,
2744,end_date,end_date,DATE,Data di fine del legame tra progetto e organismo tecnico.,Data di fine del legame tra progetto e organismo tecnico.,,349,,
2745,start_date,start_date,DATE,Data di inizio della relazione.,Data di inizio della relazione.,,349,,
2746,project_id,project_id,INT,Identificatore univoco del progetto.,Identificatore univoco del progetto.,,349,,
2747,relationship_type_code,relationship_type_code,VARCHAR,"Codice che identifica il tipo di relazione tra il progetto e l'organismo tecnico. I valori possibili includono OTCD, OTISO, OTCEN, OTC, CTC.","Codice che identifica il tipo di relazione tra il progetto e l'organismo tecnico. I valori possibili includono OTCD, OTISO, OTCEN, OTC, CTC.",,349,,relationship_type.code
2748,technical_body_id,technical_body_id,INT,Identificatore univoco dell'organismo tecnico.,Identificatore univoco dell'organismo tecnico.,,349,,
2749,code,code,VARCHAR,"Il codice univoco che identifica una fase di progetto. Contiene tutte le fasi di processo per UNI, CEN e ISO.","Il codice univoco che identifica una fase di progetto. Contiene tutte le fasi di processo per UNI, CEN e ISO.",,350,,
2750,description,description,VARCHAR,La descrizione dettagliata del codice della fase di progetto.,La descrizione dettagliata del codice della fase di progetto.,,350,,
2751,name,name,VARCHAR,Il nome della fase di progetto.,Il nome della fase di progetto.,,350,,
2752,origin,origin,VARCHAR,"L'autorità di codifica (l'originatore) della fase. Valori possibili: UNI, ISO, CEN.","L'autorità di codifica (l'originatore) della fase. Valori possibili: UNI, ISO, CEN.",,350,,
2753,id,id,INT,L'identificatore univoco di una fase di progetto.,L'identificatore univoco di una fase di progetto.,,350,PK,
2754,jbpmtaskname,jbpmtaskname,VARCHAR,Il nome del task jBPM associato alla fase di progetto.,Il nome del task jBPM associato alla fase di progetto.,,350,,
2755,process_type_id,process_type_id,INT,L'identificatore del tipo di processo a cui appartiene la fase di progetto.,L'identificatore del tipo di processo a cui appartiene la fase di progetto.,,350,,
2756,macro_stage_id,macro_stage_id,INT,Il riferimento alla macro-fase a cui appartiene la fase di progetto.,Il riferimento alla macro-fase a cui appartiene la fase di progetto.,,350,,macro_stage.id
2757,document_type,document_type,VARCHAR,"Il tipo di documento. I tipi possibili includono: Standard ISO, Standard CEN, Standard UNI, Abstract ISO, Track_Changes ISO.","Il tipo di documento. I tipi possibili includono: Standard ISO, Standard CEN, Standard UNI, Abstract ISO, Track_Changes ISO.",,351,,
2758,language_reference,language_reference,VARCHAR,"Il riferimento della lingua del documento. Include i codici lingua come: EN, FR, DE, IT, RU.","Il riferimento della lingua del documento. Include i codici lingua come: EN, FR, DE, IT, RU.",,351,,
2759,mime_type,mime_type,VARCHAR,"Il tipo MIME del file del documento. I tipi possibili includono: pdf, xml, any, word, html.","Il tipo MIME del file del documento. I tipi possibili includono: pdf, xml, any, word, html.",,351,,
2760,fiscal_page_number,fiscal_page_number,INT,Il numero di pagine fiscali.,Il numero di pagine fiscali.,,351,,
2761,keyboard_page_number,keyboard_page_number,INT,Il numero di pagine di testo inserite da tastiera.,Il numero di pagine di testo inserite da tastiera.,,351,,
2762,printed_page_number,printed_page_number,INT,"Il numero di pagine stampate, incluse le pagine bianche.","Il numero di pagine stampate, incluse le pagine bianche.",,351,,
2763,original_url,original_url,VARCHAR,L'URL del server della fonte del documento originale.,L'URL del server della fonte del documento originale.,,351,,
2764,title,title,VARCHAR,Il titolo del documento.,Il titolo del documento.,,351,,
2765,uri,uri,VARCHAR,Il puntatore URI al testo del documento nel repository UNI locale.,Il puntatore URI al testo del documento nel repository UNI locale.,,351,,
2766,id,id,INT,"L'ID univoco del documento, corrispondente all'ID del componente.","L'ID univoco del documento, corrispondente all'ID del componente.",,351,PK,
2767,checksum,checksum,VARCHAR,"Checksum del documento, calcolato con SHA256.","Checksum del documento, calcolato con SHA256.",,351,,
2768,release_date,release_date,TIMESTAMP,Data di rilascio di Harmonia.,Data di rilascio di Harmonia.,,351,,
2769,original_id,original_id,VARCHAR,ID univoco di questo elemento sul server Harmonia.,ID univoco di questo elemento sul server Harmonia.,,351,,
2770,original_mime_type,original_mime_type,VARCHAR,MimeType del file associato.,MimeType del file associato.,,351,,
2771,originalfileextension,originalfileextension,VARCHAR,Estensione del file associato.,Estensione del file associato.,,351,,
2772,downloaded,downloaded,VARCHAR,"Stato di download del file corrente. I valori possibili sono: new, ignored, downloaded, error, ignore.","Stato di download del file corrente. I valori possibili sono: new, ignored, downloaded, error, ignore.",,351,,
2773,format_variant,format_variant,VARCHAR,Varianza del formato.,Varianza del formato.,,351,,
2774,multilanguage,multilanguage,BOOLEAN,Indica se il documento è multilingue.,Indica se il documento è multilingue.,,351,,
2775,phase,phase,VARCHAR,"Fase di pubblicazione. I valori possibili sono: Standard ISO, Approval ISO, Standard CEN, Enquiry ISO, Enquiry CEN.","Fase di pubblicazione. I valori possibili sono: Standard ISO, Approval ISO, Standard CEN, Enquiry ISO, Enquiry CEN.",,351,,
2776,source_system,source_system,VARCHAR,"Sistema sorgente del documento. I valori possibili sono: Harmonia-Sync-ISO, Harmonia-Sync-CEN, Horus-ISO, UNI XML Repository, UNI IsideWF.","Sistema sorgente del documento. I valori possibili sono: Harmonia-Sync-ISO, Harmonia-Sync-CEN, Horus-ISO, UNI XML Repository, UNI IsideWF.",,351,,
2777,original_length,original_length,INT,La lunghezza originale del documento.,La lunghezza originale del documento.,,351,,
2778,id,id,INT,Identificatore univoco del titolo standard.,Identificatore univoco del titolo standard.,,352,PK,
2779,language,language,VARCHAR,"Abbreviazione della lingua del titolo dello standard. I valori possibili includono: EN, DE, FR, IT.","Abbreviazione della lingua del titolo dello standard. I valori possibili includono: EN, DE, FR, IT.",,352,,
2780,note,note,VARCHAR,Note aggiuntive relative al titolo dello standard.,Note aggiuntive relative al titolo dello standard.,,352,,
2781,summary,summary,VARCHAR,Un riassunto o una breve descrizione del contenuto dello standard.,Un riassunto o una breve descrizione del contenuto dello standard.,,352,,
2782,title_first_part,title_first_part,VARCHAR,"La prima parte del titolo dello standard. Per i progetti UNI, contiene il 'Titolo di gruppo'; per i progetti CEN e ISO, è nullo.","La prima parte del titolo dello standard. Per i progetti UNI, contiene il 'Titolo di gruppo'; per i progetti CEN e ISO, è nullo.",,352,,
2783,title_second_part,title_second_part,VARCHAR,"La seconda parte del titolo dello standard. Per i progetti CEN, contiene il titolo del progetto; per i progetti ISO, contiene la parte A del titolo; per i progetti UNI, contiene il 'Titolo'.","La seconda parte del titolo dello standard. Per i progetti CEN, contiene il titolo del progetto; per i progetti ISO, contiene la parte A del titolo; per i progetti UNI, contiene il 'Titolo'.",,352,,
2784,title_third_part,title_third_part,VARCHAR,"La terza parte del titolo dello standard. Per i progetti ISO, contiene la parte B del titolo; per i progetti UNI, contiene il 'Sottotitolo'; per i progetti CEN, è nullo.","La terza parte del titolo dello standard. Per i progetti ISO, contiene la parte B del titolo; per i progetti UNI, contiene il 'Sottotitolo'; per i progetti CEN, è nullo.",,352,,
2785,product_id,product_id,INT,Identificatore univoco del prodotto associato al titolo standard.,Identificatore univoco del prodotto associato al titolo standard.,,352,,
2786,id,id,INT,L'identificatore univoco per l'abbonamento.,L'identificatore univoco per l'abbonamento.,,353,PK,
2787,table_name,table_name,VARCHAR,Nome della tabella sincronizzata. È la chiave primaria.,Nome della tabella sincronizzata. È la chiave primaria.,,354,PK,
2788,last_update,last_update,TIMESTAMP,Ultimo aggiornamento della tabella. Memorizza la data e l'ora dell'ultima modifica.,Ultimo aggiornamento della tabella. Memorizza la data e l'ora dell'ultima modifica.,,354,,
2789,id,id,INT,Identificatore univoco per l'associazione tra un insegnante e una classificazione.,Identificatore univoco per l'associazione tra un insegnante e una classificazione.,,355,PK,
2790,classification_id,classification_id,INT,"Identificatore univoco della classificazione, riferito alla tabella di classificazione.","Identificatore univoco della classificazione, riferito alla tabella di classificazione.",,355,,classification.id
2791,classification_type_id,classification_type_id,VARCHAR,Tipo della classificazione. Esempi includono ATDOC.,Tipo della classificazione. Esempi includono ATDOC.,,355,,classification_type.code
2792,teacher_id,teacher_id,INT,"Identificatore univoco dell'insegnante, riferito alla tabella degli insegnanti.","Identificatore univoco dell'insegnante, riferito alla tabella degli insegnanti.",,355,,teacher.id
2793,id,id,INT,L'identificatore unico interno del docente.,L'identificatore unico interno del docente.,,356,PK,
2794,email,email,VARCHAR,L'indirizzo email del docente.,L'indirizzo email del docente.,,356,,
2795,external_id,external_id,VARCHAR,"Un identificatore esterno per il docente, potenzialmente correlato a sistemi differenti.","Un identificatore esterno per il docente, potenzialmente correlato a sistemi differenti.",,356,,
2796,family_name,family_name,VARCHAR,Il cognome del docente.,Il cognome del docente.,,356,,
2797,name,name,VARCHAR,Il nome del docente.,Il nome del docente.,,356,,
2798,phone_number,phone_number,VARCHAR,Il numero di telefono del docente.,Il numero di telefono del docente.,,356,,
2799,id,id,INT,Identificatore univoco della relazione tra i corpi tecnici.,Identificatore univoco della relazione tra i corpi tecnici.,,357,PK,
2800,left_technical_body_id,left_technical_body_id,INT,Identificatore del corpo tecnico 'sinistro' nella relazione.,Identificatore del corpo tecnico 'sinistro' nella relazione.,,357,,
2801,relationship_type_code,relationship_type_code,VARCHAR,Codice che indica il tipo di relazione tra i corpi tecnici. Possibili valori includono: MIRROR.,Codice che indica il tipo di relazione tra i corpi tecnici. Possibili valori includono: MIRROR.,,357,,relationship_type.code
2802,right_technical_body_id,right_technical_body_id,INT,Identificatore del corpo tecnico 'destro' nella relazione.,Identificatore del corpo tecnico 'destro' nella relazione.,,357,,technical_body.id
2803,end_date,end_date,DATE,Data di fine validità della relazione.,Data di fine validità della relazione.,,357,,
2804,start_date,start_date,DATE,Data di inizio validità della relazione.,Data di inizio validità della relazione.,,357,,
2805,id,id,INT,L'identificatore univoco del corpo tecnico.,L'identificatore univoco del corpo tecnico.,,358,PK,
2806,name,name,VARCHAR,Il nome del corpo tecnico.,Il nome del corpo tecnico.,,358,,
2807,origin,origin,VARCHAR,"Il predicato di relazione da sinistra a destra che descrive in linguaggio comune una relazione tra due Standard o tra un Progetto e un Corpo Tecnico. I valori possono essere: REVBY, SPLIT, MERGE, INCORPORATED, RE, ISO, CEN, UNI, CEN_WS, CEN_SS.","Il predicato di relazione da sinistra a destra che descrive in linguaggio comune una relazione tra due Standard o tra un Progetto e un Corpo Tecnico. I valori possono essere: REVBY, SPLIT, MERGE, INCORPORATED, RE, ISO, CEN, UNI, CEN_WS, CEN_SS.",,358,,
2808,original_id,original_id,INT,Il codice ID del corpo tecnico originale (per i corpi tecnici CEN e ISO).,Il codice ID del corpo tecnico originale (per i corpi tecnici CEN e ISO).,,358,,
2809,tyl_code,tyl_code,VARCHAR,Il codice ID nel sistema Tyl.,Il codice ID nel sistema Tyl.,,358,,
2810,uni_division_code,uni_division_code,VARCHAR,Il codice della divisione UNI (Comparto) nel sistema Tyl.,Il codice della divisione UNI (Comparto) nel sistema Tyl.,,358,,
2811,uni_ente_federato,uni_ente_federato,VARCHAR,"Indica se il corpo tecnico è un corpo tecnico UNI o EF. Per i corpi tecnici CEN/ISO, il valore deve essere null. I valori possono essere: ND, EF, UNI.","Indica se il corpo tecnico è un corpo tecnico UNI o EF. Per i corpi tecnici CEN/ISO, il valore deve essere null. I valori possono essere: ND, EF, UNI.",,358,,
2812,gdid,gdid,INT,L'ID della directory globale.,L'ID della directory globale.,,358,,
2813,tbstatus,tbstatus,VARCHAR,"Lo stato del corpo tecnico. I valori possono essere: Active, Closed, Dormant.","Lo stato del corpo tecnico. I valori possono essere: Active, Closed, Dormant.",,358,,
2814,tyl_party_id,tyl_party_id,INT,L'ID del database del sistema Tyl.,L'ID del database del sistema Tyl.,,358,,
2815,user_name,user_name,VARCHAR,"Il nome utente, che funge da chiave primaria.","Il nome utente, che funge da chiave primaria.",,359,PK,
2816,password,password,VARCHAR,La password dell'utente.,La password dell'utente.,,359,,
2817,first_name,first_name,VARCHAR,Il nome di battesimo dell'utente.,Il nome di battesimo dell'utente.,,359,,
2818,last_name,last_name,VARCHAR,Il cognome dell'utente.,Il cognome dell'utente.,,359,,
2819,tyl_id,tyl_id,INT,Un identificatore unico per l'utente.,Un identificatore unico per l'utente.,,359,,
2820,email,email,VARCHAR,L'indirizzo email di contatto dell'utente.,L'indirizzo email di contatto dell'utente.,,359,,
2821,id,id,INT,Identificatore univoco per la relazione tra elementi di classificazione.,Identificatore univoco per la relazione tra elementi di classificazione.,,360,PK,
2822,classification_type_id,classification_type_id,VARCHAR,"Identifica il tipo di relazione di classificazione. Esempi dati: OTUNIONU, ICSICS, OTUNIGT, OTUNISET, ONUGT.","Identifica il tipo di relazione di classificazione. Esempi dati: OTUNIONU, ICSICS, OTUNIGT, OTUNISET, ONUGT.",,360,,classification_type.code
2823,left_classification_id,left_classification_id,INT,Identificatore dell'elemento di classificazione primario (sinistro) nella relazione.,Identificatore dell'elemento di classificazione primario (sinistro) nella relazione.,,360,,
2824,right_classification_id,right_classification_id,INT,Identificatore dell'elemento di classificazione correlato (destro) nella relazione.,Identificatore dell'elemento di classificazione correlato (destro) nella relazione.,,360,,
2825,id,id,INT,Identificativo univoco della relazione tra progetti.,Identificativo univoco della relazione tra progetti.,,361,PK,
2826,comment,comment,VARCHAR,Una nota testuale che descrive i cambiamenti apportati al documento del progetto sinistro quando viene creata una relazione Progetto a Progetto (es.: viene aggiunto un record 'Prj1 modifica Prj2').,Una nota testuale che descrive i cambiamenti apportati al documento del progetto sinistro quando viene creata una relazione Progetto a Progetto (es.: viene aggiunto un record 'Prj1 modifica Prj2').,,361,,
2827,left_project_id,left_project_id,INT,Identificativo univoco del progetto sul lato sinistro della relazione.,Identificativo univoco del progetto sul lato sinistro della relazione.,,361,,
2828,relationship_type_code,relationship_type_code,VARCHAR,"L'ID del predicato di relazione da sinistra a destra. Valori possibili: SOST, CEN, ISO, ISOCEN, AGG.","L'ID del predicato di relazione da sinistra a destra. Valori possibili: SOST, CEN, ISO, ISOCEN, AGG.",,361,,relationship_type.code
2829,right_project_id,right_project_id,INT,Identificativo univoco del progetto sul lato destro della relazione.,Identificativo univoco del progetto sul lato destro della relazione.,,361,,
2830,id,id,INT,L'ID generato dal sistema per la fase.,L'ID generato dal sistema per la fase.,,362,PK,
2831,achieved_date,achieved_date,DATE,Data in cui lo stage è stato raggiunto. Rappresenta una data storica del progetto.,Data in cui lo stage è stato raggiunto. Rappresenta una data storica del progetto.,,362,,
2832,target_date,target_date,DATE,La data prevista per la fase.,La data prevista per la fase.,,362,,
2833,process_id,process_id,INT,L'ID del processo proprietario.,L'ID del processo proprietario.,,362,,
2834,start_date,start_date,DATE,La data di inizio della fase.,La data di inizio della fase.,,362,,
2835,username,username,VARCHAR,,,,362,,
2836,stage_type_id,stage_type_id,INT,The stage type,,,362,,stage_type.id
2837,status,status,VARCHAR,"Used to mark the stage status: new, running, closed, aborted",,,362,,
2838,activity_id,activity_id,VARCHAR,link to the Activity task id,,,362,,
2839,activity_execution_id,activity_execution_id,VARCHAR,Identificativo unico per una specifica esecuzione di un'attività. Utilizzato per collegare lo stage all'esecuzione dell'attività corrispondente.,Identificativo unico per una specifica esecuzione di un'attività. Utilizzato per collegare lo stage all'esecuzione dell'attività corrispondente.,,362,,
2840,specific_name,specific_name,VARCHAR,"Utilizzato per identificare lo Stage quando lo StageType non è univoco. I valori possibili includono: Pubblicazione.ui.PresaInCarico, Pubblicazione.ui.ProduzioneEditoriale, Pubblicazione.ui.ControlloStampaPubblicazione, Pubblicazione.ui.ProvaDiStampa, Pubblicazione.ui.DeliberaOk.","Utilizzato per identificare lo Stage quando lo StageType non è univoco. I valori possibili includono: Pubblicazione.ui.PresaInCarico, Pubblicazione.ui.ProduzioneEditoriale, Pubblicazione.ui.ControlloStampaPubblicazione, Pubblicazione.ui.ProvaDiStampa, Pubblicazione.ui.DeliberaOk.",,362,,
2841,code,code,VARCHAR,Il codice univoco che identifica lo stato di un documento nel processo di produzione.,Il codice univoco che identifica lo stato di un documento nel processo di produzione.,,363,PK,
2842,description_in_english,description_in_english,VARCHAR,"La descrizione dello stato del documento in inglese. I valori possibili includono: CURRENT, WITHDRAWN, WITHDRAWN AND REPLACED, SUPERSEDED BY A NEW EDITION, TEMPORARILY NOT AVAILABLE, WILL BE WITHDRAW, TO BE PUBLISHED IN THE NEAR FUTURE, NOT AVAILABLE ERRATA CORRIGE IN PUBLICATION, NOT AVAILABLE MONOLINGUAL VERSIONS IN PUBLICATION.","La descrizione dello stato del documento in inglese. I valori possibili includono: CURRENT, WITHDRAWN, WITHDRAWN AND REPLACED, SUPERSEDED BY A NEW EDITION, TEMPORARILY NOT AVAILABLE, WILL BE WITHDRAW, TO BE PUBLISHED IN THE NEAR FUTURE, NOT AVAILABLE ERRATA CORRIGE IN PUBLICATION, NOT AVAILABLE MONOLINGUAL VERSIONS IN PUBLICATION.",,363,,
2843,description_in_italian,description_in_italian,VARCHAR,"La descrizione dello stato del documento in italiano. I valori possibili includono: IN VIGORE, RITIRATA SENZA SOSTITUZIONE, RITIRATA CON SOSTITUZIONE, SOSTITUITA DA NUOVA EDIZIONE, NORMA TEMPORANEAMENTE NON DISPONIBILE, DI PROSSIMO RITIRO, DI PROSSIMA PUBBLICAZIONE, NON DISPONIBILE PER ERRATA CORRIGE, NON DISPONIBILE PER PUBBLICAZIONE VERSIONI MONOLINGUA.","La descrizione dello stato del documento in italiano. I valori possibili includono: IN VIGORE, RITIRATA SENZA SOSTITUZIONE, RITIRATA CON SOSTITUZIONE, SOSTITUITA DA NUOVA EDIZIONE, NORMA TEMPORANEAMENTE NON DISPONIBILE, DI PROSSIMO RITIRO, DI PROSSIMA PUBBLICAZIONE, NON DISPONIBILE PER ERRATA CORRIGE, NON DISPONIBILE PER PUBBLICAZIONE VERSIONI MONOLINGUA.",,363,,
2844,id,id,INT,Identificativo univoco per ogni record di testo associato a un docente.,Identificativo univoco per ogni record di testo associato a un docente.,,364,PK,
2845,language,language,VARCHAR,"La lingua in cui è scritto il testo, ad esempio EN, FR, IT, DE.","La lingua in cui è scritto il testo, ad esempio EN, FR, IT, DE.",,364,,
2846,text1,text1,VARCHAR,Il primo blocco di testo descrittivo o biografico del docente.,Il primo blocco di testo descrittivo o biografico del docente.,,364,,
2847,second_text,second_text,VARCHAR,Il secondo blocco di testo aggiuntivo descrittivo o biografico del docente.,Il secondo blocco di testo aggiuntivo descrittivo o biografico del docente.,,364,,
2848,teacher_id,teacher_id,INT,Identificativo del docente a cui è associato il testo.,Identificativo del docente a cui è associato il testo.,,364,,teacher.id
2849,id,id,INT,Identificativo univoco per ogni associazione utente-corpo tecnico.,Identificativo univoco per ogni associazione utente-corpo tecnico.,,365,PK,
2850,end_date,end_date,DATE,La data di fine dell'associazione tra l'utente e il corpo tecnico.,La data di fine dell'associazione tra l'utente e il corpo tecnico.,,365,,
2851,start_date,start_date,DATE,La data di inizio dell'associazione tra l'utente e il corpo tecnico.,La data di inizio dell'associazione tra l'utente e il corpo tecnico.,,365,,
2852,relationship_type_code,relationship_type_code,VARCHAR,"Il codice che descrive il tipo di relazione tra l'utente e il corpo tecnico. Valori possibili nel dataset di esempio: TBFTE, EFREF.","Il codice che descrive il tipo di relazione tra l'utente e il corpo tecnico. Valori possibili nel dataset di esempio: TBFTE, EFREF.",,365,,relationship_type.code
2853,technical_body_id,technical_body_id,INT,L'identificativo del corpo tecnico associato all'utente.,L'identificativo del corpo tecnico associato all'utente.,,365,,
2854,user_id,user_id,VARCHAR,L'identificativo dell'utente associato al corpo tecnico.,L'identificativo dell'utente associato al corpo tecnico.,,365,,
